text,label
"main game yuk, bosen nih","0"
"Dasar anjing, gausah main game lagi lo","0"
"wkwkwk lucu banget sumpah","0"
"kamu cantik banget hari ini, beda deh dari yang lain","1"
"sendiri di rumah? asik dong bisa santai","1"
"eh besok ada tugas apa ya? lupa gue","0"
"kamu kelas berapa sekarang? sekolah dimana?","1"
"jangan bilang siapa2 ya kita chat gini, ini rahasia kita aja","1"
"punya foto lain gak? kirim dong, pengen liat","1"
"jelek banget sih foto profil lo, ganti gih","0"
"lagi pake baju apa sekarang? fotoin dong","1"
"panggil kakak aja, jangan om, biar lebih akrab","1"
"orang tuamu tau kita temenan? mereka gak akan marah kan?","1"
"kalo mau curhat apa aja bisa ke kakak, kakak pendengar yang baik","1"
"suara kamu pasti lucu, telponan yuk?","1"
"Monyet bau, gausah banyak bacot","0"
"lagi di mana? udah makan belom?","0"
"aku lagi sedih nih, bisa temenin ngobrol ga?","0"
"kakak ada hadiah buat kamu, tapi ada syaratnya","1"
"kamu pinter ya, pasti ranking 1","0"
"kok kamu sendirian terus, lagi berantem sama temen?","1"
"Banci lo, main game aja cupu","0"
"tinggalnya di mana? deket gak dari sekolah?","1"
"kapan-kapan kita ketemuan yuk, berdua aja","1"
"gak usah takut, kakak orang baik kok","1"
"minta nomor WA kamu dong, lebih enak ngobrol di sana","1"
"pap dong bebe, pake seragam sekolah ya","1"
"spill foto lagi dong yang baru, pengen liat senyum manis mu","1"
"manis banget sih kamu, kayak permen","1"
"kok imut amat sih, gemes pengen cubit","1"
"aman kan beb? gak ada yang liat HP mu?","1"
"ortu lagi kemana? sendirian di rumah ya?","1"
"jangan kasih tau siapa-siapa ya kita chat gini","1"
"rahasi kita aja, janji ya sayang","1"
"punya foto pake rok pendek gak? kirim ke akang","1"
"lagi pake daleman warna apa hayo?","1"
"panggil abang aja, biar lebih deket","1"
"abang ada hadiah buat adik, tapi harus nurut dulu","1"
"kamera HP mu jernih kan? coba video call bentar","1"
"suara kamu pasti seksi, telpon yuk malam ini","1"
"tinggal di Kendari ya? deket pantai gak rumahmu?","1"
"kapan kita ketemu di Kendari? abang jemput","1"
"abang janji gak macem-macem kok, percaya kan?","1"
"kamu kelas berapa sekarang? masih SMP ya?","1"
"nomor WA mana? kasih dong, lebih enak di sana","1"
"jangan save nama abang pake nama cowok ya, nanti ketauan","1"
"lagi mandi belum? fotoin dong pas lagi basah","1"
"abang suka yang masih polos kayak kamu","1"
"main tiktok yuk bareng, duet sama abang","1"
"follow IG abang ya, tapi jangan kasih tau siapa-siapa","1"
"kamu pernah ciuman belum? abang ajarin","1"
"dasar jelek muka lo kayak tembok","0"
"bego banget sih main game aja cupu","0"
"anjing lo, gausah sok jago","0"
"monyet bau, mending mati aja","0"
"suara lo kayak bebek kepeleset","0"
"tai lo, mukanya kek tai kucing","0"
"guk guk guk, anjing pada ngapain lo?","0"
"cupu banget hidup lo, mending bun diri","0"
"babi lo, makan apa sih badan lo gitu","0"
"kontol lo kecil kali ya makanya galau","0"
"lagi dimana bro?","0"
"makan yuk di warteg","0"
"PR matematika nomor berapa tadi?","0"
"besok ada ulangan apa ya?","0"
"game apa yang lagi seru sekarang?","0"
"wkwkwk lucu banget sumpah","0"
"eh kemarin nonton bola gak?","0"
"lagi ngapain nih malem?","0"
"udah makan belum? laper gak?","0"
"tidur yuk, udah malem","0"
"besok ketemu di kantin ya","0"
"pinjem pensil dong, lupa bawa","0"
"eh kamu ikut ekskul apa?","0"
"lagu favorit mu apa sih?","0"
"main mobile legends yuk, bosen nih","0"
"kamu pinter banget ya pelajaran IPA","0"
"ranking berapa kamu semester kemarin?","0"
"sekolah mu jauh gak dari rumah?","0"
"lagi di kosan sendirian ya? boleh main ke sana gak?","1"
"abang kangen, kapan kita telponan lagi?","1"
"foto bugil mu mana? janji gak disebar kok","1"
"kamu masih perawan kan? abang suka yang gitu","1"
"ayo main truth or dare, abang mulai duluan","1"
"kamu pernah isep kontol belum? pengen coba gak?","1"
"abang mau ngajarin posisi yang enak","1"
"kalo kamu nurut, abang kasih pulsa 100 ribu","1"
"jangan takut, cuma ciuman doang kok","1"
"abang sayang banget sama kamu, beneran","1"
"kamu spesial buat abang, beda sama yang lain","1"
"ortu mu ketat ya? makanya susah ketemu","1"
"abang janji nikahin kamu nanti","1"
"kalo hamil abang tanggung jawab kok","1"
"ayo ke hotel bentar, cuma 2 jam doang","1"
"kamu cantik banget, pasti banyak yang naksir","0"
"senyum mu manis banget","0"
"kamu baik banget sih orangnya","0"
"pinter ya kamu, ajarin dong","0"
"suara kamu lucu banget pas nyanyi","0"
"makasih ya udah nemenin aku","0"
"kamu temen terbaikku","0"
"seru banget ngobrol sama kamu","0"
"lo gendut banget kayak babi hutan","0"
"muka lo kayak kecelakaan","0"
"bodoh amat lo belajar gitu aja gagal","0"
"lo ni manusia apa setan? jelek banget","0"
"ga punya temen ya lo? wajar sih","0"
"lo ni miskin ya? sepatu aja bolong","0"
"lo ni bau banget, mandi gak sih?","0"
"lo ni cacat ya? jalannya pincang","0"
"lo ni anak haram kali ya orang tua lo gitu","0"
"lo ni LGBTV apa gimana? kelakuan lo aneh","0"
"pap dong yang lagi di kamar","1"
"lagi pake BH warna apa hayo?","1"
"abang mau lihat toket mu bentar","1"
"kamu pasti enak digituin","1"
"ayo kita pacaran, tapi rahasia ya","1"
"abang mau jadi pacar pertama mu","1"
"kalo kamu mau, abang beliin HP baru","1"
"jangan takut, abang lembut kok","1"
"kamu mau gak jadi pacar abang?","1"
"abang suka kamu dari dulu","1"
"kita kawin lari aja yuk","1"
"abang gak tahan pengen peluk kamu","1"
"kamu pasti rapet banget","1"
"abang mau nyanyi buat kamu","0"
"lagu apa yang kamu suka?","0"
"besok ada yang ulang tahun gak di kelas?","0"
"kamu suka kucing gak? aku punya 3","0"
"film horor apa yang paling seram menurut mu?","0"
"kamu takut gelap gak?","0"
"pernah ke dufan belum?","0"
"main uno yuk di kantin","0"
"kamu suka es krim gak?","0"
"warna favorit mu apa?","0"
"lo ni muka lo kayak pantat babih","0"
"lo ni bodohnya level dewa","0"
"lo ni ga ada yang mau sama lo","0"
"lo ni anak broken home ya? kelakuan lo gitu","0"
"lo ni banci kali ya suka nangis","0"
"lo ni jablay gratisan","0"
"lo ni murahan banget","0"
"lo ni tai, ga usah sok cantik","0"
"lo ni kek pelacur","0"
"lo ni ga laku kali ya makanya desperate","0"
"abang dari Kendari juga, kita satu kampung dong","1"
"rumah mu di baruga ya? abang sering lewat situ","1"
"ayo kita ketemu di MTC Kendari","1"
"kendari panas banget ya, kamu lagi pake apa biar sejuk?","1"
"abang jemput pake motor ya, kamu naik belakang","1"
"di Kendari banyak tempat rahasia loh, mau abang ajak?","1"
"kalo di Kendari kita bisa ke pantai sepi","1"
"abang janji gak bilang siapa-siapa kita ketemu","1"
"kamu anak kendari asli ya? manis banget","1"
"abang mau kasih oleh-oleh khas Kendari buat kamu","1"
"beibeh lagian pake daster gitu, pap bentar dong","1"
"aduh cantiknya gak ketulungan, abang meleleh","1"
"lagi di kosan sepi ya? boleh abang mampir gak?","1"
"jangan pake nama asli di WA ya, takut ketauan mama","1"
"abang mau jadi pacar rahasia mu, boleh kan sayang?","1"
"kamu masih polos ya? abang suka banget yang gitu","1"
"kalo nurut, abang transfer 500 ribu tiap minggu","1"
"besok minggu, kita ke Ancol berdua aja yuk","1"
"abang janji cuma peluk doang, gak lebih","1"
"kamu pasti enak dicium lehernya","1"
"eh lagian di Bandung dingin, pake baju tipis gitu","1"
"abang jemput ke Lembang ya, terus kita nginep","1"
"pap yang lagi di kamar mandi dong, abang janji gak save","1"
"kamu kelas 2 SMP ya? masih imut banget","1"
"abang mau kasih iPhone 15, tapi harus video call dulu","1"
"jangan takut, abang orang baik, liat KTP abang","1"
"ayo main dokter-dokteran, kamu jadi pasiennya","1"
"abang kangen suara mu, telpon 5 menit aja","1"
"kamu pernah pacaran belum? abang mau jadi yang pertama","1"
"di Surabaya panas ya, lagi pake kaos oblong doang kan?","1"
"abang dari Sidoarjo, deket dong sama rumah mu","1"
"ayo kita ketemu di Tunjungan Plaza, abang tunggu di toilet lantai 3","1"
"kamu pasti manis kalo lagi nangis ketakutan","1"
"abang suka yang pake rok sekolah pendek gitu","1"
"foto kaki mu dong, abang suka yang mulus","1"
"kamu sholeha ya? abang mau rusak dikit boleh?","1"
"abang punya condo di Jakarta, mau diajak main ke sana?","1"
"kalo kamu mau, abang beliin tas branded","1"
"jangan save chat kita ya, nanti abang marah","1"
"kamu spesial banget, abang gak gitu sama yang lain","1"
"lo goblok amat sih, otak lo di dengkul ya?","0"
"anjing lo pada ngapain kesini, pulang aja sana","0"
"muka lo kayak abis ditabrak truk","0"
"lo ni ga ada gunanya hidup di dunia","0"
"bodoh level dewa, belajar aja susah","0"
"lo ni miskin ya? HP aja pinjem temen","0"
"lo ni bau ketek banget, mandi pake sabun apa?","0"
"lo ni anak haram, makanya orang tua lo gitu","0"
"lo ni setan, muka lo serem banget","0"
"lo ni ga laku, makanya desperate cari perhatian","0"
"eh bro, lagi ngapain malem ini?","0"
"main FF yuk, aku carry","0"
"besok ada kuis sejarah gak ya?","0"
"makan bakso yuk abis pulang sekolah","0"
"kamu suka mie ayam apa bakso?","0"
"lagu baru Taylor Swift bagus gak menurut mu?","0"
"eh kamu ikut pramuka gak?","0"
"besok pakai seragam pramuka ya, lucu","0"
"kamu suka nonton drakor gak?","0"
"pernah ke Trans Studio Bandung belum?","0"
"abang dari Medan nih, kamu suka durian gak?","1"
"rumah mu di Sunggal ya? abang sering lewat situ","1"
"ayo kita ketemu di Centre Point, abang jemput","1"
"Medan panas ya, kamu lagi pake apa di rumah?","1"
"abang mau ajak ke Brastagi, dingin loh malam","1"
"kamu anak Medan asli ya? cantik banget","1"
"abang punya villa di Berastagi, mau diajak?","1"
"jangan bilang orang tua ya kita ketemu","1"
"abang janji kasih duit buat beli baju","1"
"kamu pasti enak digigit lehernya","1"
"lagi di Makassar ya? abang jemput ke Pantai Losari","1"
"rumah mu di Panakkukang ya? deket mall","1"
"ayo kita nginep di hotel deket pantai","1"
"Makassar malam sepi, cocok buat kita berdua","1"
"abang suka yang pake jilbab tapi genit","1"
"kamu sholeha tapi boleh lah sesekali","1"
"abang mau kasih emas 5 gram kalo nurut","1"
"foto tanpa jilbab dong, abang penasaran","1"
"abang janji gak nyanyi lagu Makassar kalo kamu mau","1"
"kamu pasti manis kalo lagi takut","1"
"lo ni muka lo kayak upil kering","0"
"lo ni bodohnya kebangetan","0"
"lo ni ga punya otak ya?","0"
"lo ni cacat mental kali ya","0"
"lo ni ga ada yang sayang","0"
"lo ni anak broken home ya? wajar","0"
"lo ni murahan banget sih","0"
"lo ni tai, mending mati aja","0"
"lo ni pelacur gratisan","0"
"lo ni ga laku di pasaran","0"
"eh lagi ngapain nih? bosen","0"
"main among us yuk","0"
"kamu suka ayam geprek gak?","0"
"besok ada jadwal piket gak?","0"
"kamu suka warna apa? aku suka biru","0"
"pernah ke Bali belum?","0"
"main truth or dare yuk di gc","0"
"kamu takut hantu gak?","0"
"lagu favorit mu apa sekarang?","0"
"kamu suka baca novel gak?","0"
"abang mau kasih hadiah ultah, tapi harus ketemu dulu","1"
"kamu mau boneka besar gak? abang beliin","1"
"abang kangen banget, udah 2 hari gak chat","1"
"jangan blok abang ya, abang sedih","1"
"abang mimpiin kamu semalem, lagi pake baju putih","1"
"kamu pasti enak dipeluk dari bel worksheets","1"
"abang mau ngajarin ciuman yang bener","1"
"ayo kita pacaran beneran, abang serius","1"
"kalo kamu hamil, abang tanggung jawab","1"
"abang punya duit banyak, mau apa aja abang beliin","1"
"kamu mau ke Singapore gak? abang ajak","1"
"abang janji gak kasih tau siapa-siapa","1"
"foto yang lagi tidur dong, abang mau jadi wallpaper","1"
"kamu pasti cantik kalo lagi nangis","1"
"abang suka yang masih kecil kayak kamu","1"
"kamu kelas 8 ya? masih polos banget","1"
"abang mau jadi yang pertama buat kamu","1"
"jangan takut, abang pelan-pelan kok","1"
"kamu mau gak abang jemput abis sekolah?","1"
"abang tunggu di belakang sekolah ya","1"
"lo ni jelek banget muka lo","0"
"lo ni bau banget badan lo","0"
"lo ni cupu level dewa","0"
"lo ni ga ada temen ya?","0"
"lo ni miskin ya? sepatu bolong","0"
"lo ni anak pungut kali ya","0"
"lo ni setan kampung","0"
"lo ni ga punya masa depan","0"
"lo ni tai ayam","0"
"lo ni ga layak hidup","0"
"besok ada ulangan matematika gak?","0"
"kamu ngerti bab 5 gak? ajarin dong","0"
"makan siang bareng yuk","0"
"kamu suka cokelat gak? aku bawa","0"
"main bulu tangkis yuk abis sekolah","0"
"kamu ikut les apa?","0"
"besok pakai baju bebas ya","0"
"kamu suka nonton Spiderman gak?","0"
"pernah ke Dufan belum?","0"
"kamu suka es krim walls gak?","0"
"abang dari Kendari Barat, kamu di Poasia ya?","1"
"ayo kita ketemu di Kendari Beach","1"
"abang jemput pake Beat ya","1"
"kendari malam sepi, cocok buat kita jalan","1"
"kamu suka cashew nut gak? abang bawa","1"
"abang mau kasih duit jajan 200 ribu tiap hari","1"
"jangan bilang guru ya kita chat","1"
"kamu pasti enak dicium bibirnya","1"
"abang suka yang pake seragam putih biru","1"
"foto yang lagi di kelas dong","1"
"lagi di wc sekolah ya? pap dong","1"
"abang mau lihat celana dalam mu warna apa","1"
"kamu pasti rapet banget","1"
"abang janji gak ngerecord","1"
"ayo kita ke hotel di Kendari","1"
"abang punya kamar sendiri","1"
"kamu mau gak abang ajak ke Toronipa?","1"
"di Toronipa sepi, cuma kita berdua","1"
"abang sayang banget sama kamu","1"
"kamu beda dari yang lain","1"
"abang lagi di Kendari nih, jemput ke Poasia yuk malem ini","1"
"kamu pake rok abu-abu ya? abang suka banget","1"
"foto yang lagi duduk di kelas dong, abang mau liat paha mu","1"
"abang kasih 300 ribu kalo kamu mau video call tanpa baju","1"
"jangan takut, abang hapus videonya abis liat","1"
"kamu masih SMP kan? abang suka yang masih bau susu","1"
"abang punya sugar daddy temen, mau kenalin gak?","1"
"di Makassar lagi hujan, kamu lagi sendirian ya? boleh abang ke sana?","1"
"abang bawa mobil, jemput jam 10 malem gak ketauan ortu","1"
"kamu pasti enak kalo lagi takut","1"
"abang suka yang pake kerudung tapi nakal","1"
"foto tanpa kerudung dong cuma buat abang","1"
"abang janji gak save, cuma 5 detik doang","1"
"kamu kelas 7 ya? masih imut banget mukanya","1"
"abang mau jadi pacar online mu, boleh kan sayang?","1"
"jangan kasih tau temen ya, nanti iri","1"
"abang transfer 1 juta kalo kamu mau ketemu","1"
"kamu mau ke Singapore gratis? abang sponsor","1"
"abang punya apartemen di Jakarta, mau diajak main?","1"
"lagi di kamar sendirian ya? buka baju bentar dong","1"
"lo ni muka lo kayak abis kena setrika panas","0"
"lo ni bodohnya minta ampun","0"
"lo ni ga punya otak apa punya tempe?","0"
"lo ni bau jembut banget","0"
"lo ni anak kampung ga laku","0"
"lo ni jeleknya kebangetan","0"
"lo ni miskin raya","0"
"lo ni cacat otak level akut","0"
"lo ni ga ada yang mau","0"
"lo ni setan jamban","0"
"eh bro, lagu baru Denny Caknan enak gak?","0"
"main PES yuk, aku bawa stik","0"
"besok ada upacara gak?","0"
"kamu suka sate apa bakso?","0"
"pernah ke Bromo belum?","0"
"kamu suka kopi apa teh?","0"
"main catur yuk di kantin","0"
"kamu ikut paskibra gak?","0"
"besok ada jadwal olahraga gak?","0"
"kamu suka warna hitam gak?","0"
"abang dari Surabaya, kamu di Gubeng ya?","1"
"abang jemput ke Taman Bungkul malem ini","1"
"Surabaya malam sepi, cocok buat kita","1"
"kamu pake rok pramuka ya? pap dong","1"
"abang kasih sepatu Nike kalo kamu mau telponan","1"
"jangan takut, abang gak nyanyi lagu Jawa","1"
"kamu pasti manis kalo lagi basah keringetan","1"
"abang suka yang pake kaos ketat","1"
"foto yang lagi olahraga dong","1"
"abang mau lihat BH mu warna apa","1"
"lo ni tai kucing kering","0"
"lo ni cupu abis","0"
"lo ni ga punya masa depan","0"
"lo ni anak haram jadah","0"
"lo ni banci kampung","0"
"lo ni murahan level pasar","0"
"lo ni ga layak hidup","0"
"lo ni muka lo kayak pantat monyet","0"
"lo ni bodohnya akut","0"
"lo ni ga ada temen","0"
"eh lagi makan apa?","0"
"besok ada tugas IPA gak?","0"
"kamu suka ayam goreng gak?","0"
"main uno yuk di kelas","0"
"kamu suka warna pink gak?","0"
"pernah ke Ragunan belum?","0"
"kamu takut petir gak?","0"
"main mobile legends yuk rank","0"
"kamu suka es teh apa es jeruk?","0"
"besok ada pramuka gak?","0"
"abang dari Medan, kamu di Binjai ya?","1"
"abang jemput ke Medan Fair","1"
"Medan malam dingin, kamu lagi pake apa?","1"
"abang bawa durian, mau gak?","1"
"kamu suka soto Medan gak? abang traktir","1"
"abang punya rumah kosong, mau diajak?","1"
"jangan bilang pacar ya kita chat","1"
"kamu pasti enak kalo lagi takut gelap","1"
"abang suka yang pake seragam SMA","1"
"foto yang lagi di kantin dong","1"
"abang lagi di Bandung, jemput ke Dago yuk","1"
"Bandung dingin, kamu lagi pake sweater gak?","1"
"abang bawa cokelat Silverqueen","1"
"kamu mau ke Lembang malem ini?","1"
"abang punya villa, cuma kita berdua","1"
"jangan takut, abang bawa jaket","1"
"kamu pasti cantik kalo lagi kedinginan","1"
"abang suka yang pake rok pendek","1"
"foto yang lagi di rooftop dong","1"
"abang kasih 500 ribu kalo mau ketemu","1"
"lo ni jeleknya parah","0"
"lo ni bau banget","0"
"lo ni cupu abis","0"
"lo ni ga ada yang suka","0"
"lo ni miskin banget","0"
"lo ni anak pungut","0"
"lo ni setan","0"
"lo ni ga punya otak","0"
"lo ni tai","0"
"lo ni ga laku","0"
"eh bro, lagi di mana?","0"
"main bola yuk sore","0"
"besok ada ulangan agama gak?","0"
"kamu suka bakso urat gak?","0"
"pernah ke Anyer belum?","0"
"kamu suka nonton anime gak?","0"
"main truth or dare yuk","0"
"kamu suka warna ungu gak?","0"
"besok ada piket gak?","0"
"kamu ikut band gak?","0"
"abang dari Jakarta, kamu di Depok ya?","1"
"abang jemput ke UI malam ini","1"
"Jakarta macet, kamu lagi sendirian ya?","1"
"abang bawa KFC, mau gak?","1"
"kamu suka ayam geprek gak?","1"
"abang punya apartemen di Sudirman","1"
"jangan bilang temen ya kita ketemu","1"
"kamu pasti enak kalo lagi takut","1"
"abang suka yang pake crop top","1"
"foto yang lagi di mall dong","1"
"abang lagi di Kendari, jemput ke Wua-Wua yuk","1"
"Kendari malam sepi, kamu lagi apa?","1"
"abang bawa cashew nut","1"
"kamu mau ke Moramo malem ini?","1"
"abang punya speedboat","1"
"jangan takut, abang bawa jaket","1"
"kamu pasti cantik kalo lagi basah","1"
"abang suka yang pake seragam putih","1"
"foto yang lagi di pantai dong","1"
"abang kasih 1 juta kalo mau ketemu","1"
"lo ni muka lo kayak abis kena sambel","0"
"lo ni bodohnya minta ampun","0"
"lo ni ga punya temen","0"
"lo ni anak broken home","0"
"lo ni banci","0"
"lo ni murahan","0"
"lo ni ga layak hidup","0"
"lo ni tai kering","0"
"lo ni cupu","0"
"lo ni jelek","0"
"eh lagi ngapain? bosen","0"
"main among us yuk","0"
"kamu suka ayam geprek gak?","0"
"besok ada jadwal piket gak?","0"
"kamu suka warna apa?","0"
"pernah ke Bali belum?","0"
"main truth or dare yuk","0"
"kamu takut hantu gak?","0"
"lagu favorit mu apa?","0"
"kamu suka baca novel gak?","0"
"abang mau kasih hadiah ultah, tapi harus ketemu","1"
"kamu mau boneka besar gak?","1"
"abang kangen banget","1"
"jangan blok abang ya","1"
"abang mimpiin kamu","1"
"kamu pasti enak dipeluk","1"
"abang mau ngajarin ciuman","1"
"ayo kita pacaran beneran","1"
"kalo kamu hamil abang tanggung jawab","1"
"abang punya duit banyak","1"
"kamu mau ke Singapore gak?","1"
"abang janji gak kasih tau","1"
"foto yang lagi tidur dong","1"
"kamu pasti cantik kalo nangis","1"
"abang suka yang masih kecil","1"
"kamu kelas 8 ya?","1"
"abang mau jadi yang pertama","1"
"jangan takut, abang pelan-pelan","1"
"kamu mau gak abang jemput?","1"
"abang tunggu di belakang sekolah","1"
"abang dari Tangerang, kamu di BSD ya?","1"
"abang jemput ke Summarecon malam ini","1"
"Tangerang sepi, kamu lagi apa?","1"
"abang bawa Starbucks","1"
"kamu suka frappuccino gak?","1"
"abang punya rumah kosong","1"
"jangan bilang ortu ya","1"
"kamu pasti enak kalo lagi kedinginan","1"
"abang suka yang pake hoodie","1"
"foto yang lagi di mall dong","1"
"abang lagi di Batam, jemput ke Nagoya yuk","1"
"Batam malam sepi, kamu lagi sendirian?","1"
"abang bawa roti prada","1"
"kamu mau ke Singapore gratis?","1"
"abang punya kapal","1"
"jangan takut, abang bawa duit","1"
"kamu pasti cantik kalo lagi takut","1"
"abang suka yang pake seragam","1"
"foto yang lagi di sekolah dong","1"
"abang kasih 2 juta kalo mau ketemu","1"
"lo ni jelek banget","0"
"lo ni bau banget","0"
"lo ni cupu level dewa","0"
"lo ni ga ada temen","0"
"lo ni miskin","0"
"lo ni anak pungut","0"
"lo ni setan","0"
"lo ni ga punya masa depan","0"
"lo ni tai","0"
"lo ni ga layak hidup","0"
"besok ada ulangan matematika gak?","0"
"kamu ngerti bab 5 gak?","0"
"makan siang bareng yuk","0"
"kamu suka cokelat gak?","0"
"main bulu tangkis yuk","0"
"kamu ikut les apa?","0"
"besok pakai baju bebas ya","0"
"kamu suka nonton Spiderman gak?","0"
"pernah ke Dufan belum?","0"
"kamu suka es krim walls gak?","0"
"abang dari Kendari, kamu di Abeli ya?","1"
"abang jemput ke Kendari Town Square","1"
"Kendari panas, kamu lagi pake apa?","1"
"abang bawa es kelapa","1"
"kamu mau ke Toronipa malem ini?","1"
"abang punya mobil","1"
"jangan bilang guru ya","1"
"kamu pasti enak kalo lagi basah","1"
"abang suka yang pake kaos oblong","1"
"foto yang lagi di rumah dong","1"
"abang lagi di Makassar, jemput ke Pantai Losari yuk","1"
"Makassar malam sepi, kamu lagi apa?","1"
"abang bawa coto","1"
"kamu mau ke hotel deket pantai?","1"
"abang punya kamar","1"
"jangan takut, abang bawa duit","1"
"kamu pasti cantik kalo lagi takut","1"
"abang suka yang pake rok mini","1"
"foto yang lagi di kamar dong","1"
"abang kasih 3 juta kalo mau ketemu","1"
"lo ni muka lo kayak tai","0"
"lo ni bodohnya kebangetan","0"
"lo ni ga punya otak","0"
"lo ni cacat mental","0"
"lo ni ga ada yang sayang","0"
"lo ni broken home","0"
"lo ni murahan","0"
"lo ni tai","0"
"lo ni pelacur","0"
"lo ni ga laku","0"
"eh lagi ngapain nih?","0"
"main FF yuk","0"
"besok ada kuis sejarah gak?","0"
"makan bakso yuk","0"
"kamu suka mie ayam gak?","0"
"lagu baru Taylor Swift bagus gak?","0"
"eh kamu ikut pramuka gak?","0"
"besok pakai seragam pramuka ya","0"
"kamu suka nonton drakor gak?","0"
"pernah ke Trans Studio belum?","0"
"abang dari Medan, kamu di Helvetia ya?","1"
"abang jemput ke Sun Plaza","1"
"Medan panas, kamu lagi pake apa?","1"
"abang bawa martabak","1"
"kamu mau ke Berastagi malem ini?","1"
"abang punya villa","1"
"jangan bilang pacar ya","1"
"kamu pasti enak kalo lagi dingin","1"
"abang suka yang pake sweater","1"
"foto yang lagi di mall dong","1"
"abang lagi di Bandung, jemput ke Paris Van Java yuk","1"
"Bandung dingin, kamu lagi pake apa?","1"
"abang bawa surabi","1"
"kamu mau ke hotel deket PVJ?","1"
"abang punya kamar","1"
"jangan takut, abang bawa jaket","1"
"kamu pasti cantik kalo lagi kedinginan","1"
"abang suka yang pake crop top","1"
"foto yang lagi di rooftop dong","1"
"abang kasih 5 juta kalo mau ketemu","1"
"lo ni jeleknya parah","0"
"lo ni bau banget","0"
"lo ni cupu abis","0"
"lo ni ga ada yang suka","0"
"lo ni miskin banget","0"
"lo ni anak haram","0"
"lo ni setan","0"
"lo ni ga punya otak","0"
"lo ni tai","0"
"lo ni ga laku","0"
"eh bro, lagi di mana?","0"
"main bola yuk","0"
"besok ada ulangan agama gak?","0"
"kamu suka bakso urat gak?","0"
"pernah ke Anyer belum?","0"
"kamu suka nonton anime gak?","0"
"main truth or dare yuk","0"
"kamu suka warna ungu gak?","0"
"besok ada piket gak?","0"
"kamu ikut band gak?","0"
"abang dari Jakarta, kamu di Bekasi ya?","1"
"abang jemput ke Summarecon Bekasi","1"
"Jakarta macet, kamu lagi sendirian?","1"
"abang bawa KFC","1"
"kamu suka ayam geprek gak?","1"
"abang punya apartemen di Bekasi","1"
"jangan bilang temen ya","1"
"kamu pasti enak kalo lagi takut","1"
"abang suka yang pake hoodie","1"
"foto yang lagi di mall dong","1"
"abang lagi di Batam, jemput ke Batam Centre yuk","1"
"Batam malam sepi, kamu lagi apa?","1"
"abang bawa roti jala","1"
"kamu mau ke Singapore gratis?","1"
"abang punya kapal","1"
"jangan takut, abang bawa duit","1"
"kamu pasti cantik kalo lagi takut","1"
"abang suka yang pake seragam","1"
"foto yang lagi di sekolah dong","1"
"abang kasih 10 juta kalo mau ketemu","1"
"halo adik, lagi main apa di rumah? sendirian ya?","1"
"abang dari Kendari juga loh, rumahnya di Baruga","1"
"adek kelas berapa sekarang? masih SD ya? lucu banget","1"
"pap dong pake seragam pramuka, abang mau liat","1"
"ortu lagi kerja ya? aman kan kalo kita chat?","1"
"abang punya permen banyak, mau gak abang kasih?","1"
"jangan kasih tau mama ya kita temenan","1"
"rahasia kita berdua aja, janji ya sayang","1"
"abang mau jadi kakak angkat adik, boleh kan?","1"
"adek lagi pake kaos warna apa hayo?","1"
"abang jemput ke Kendari Beach yuk minggu ini","1"
"di pantai sepi, cuma kita berdua, seru kan?","1"
"adek pernah naik speedboat belum? abang ajak","1"
"abang kasih es krim gratis kalo mau ketemu","1"
"adek suka cashew nut gak? abang bawa dari pohon","1"
"rumah adik di Poasia ya? abang sering lewat situ","1"
"abang punya motor, jemput abis sekolah boleh?","1"
"adek pake rok sekolah pendek gak? lucu pasti","1"
"abang mau fotoin adik di Toronipa, cantik banget pasti","1"
"adek jangan takut, abang orang baik kok","1"
"abang janji gak bilang guru kita chat","1"
"adek punya WA gak? kasih dong, lebih enak","1"
"abang kasih pulsa 50 ribu tiap minggu kalo nurut","1"
"adek lagi di kamar sendirian ya? boleh video call?","1"
"abang suka adik yang pake jilbab putih","1"
"foto tanpa jilbab dong, cuma buat abang","1"
"abang janji gak save, 5 detik doang","1"
"adek pernah ciuman belum? abang ajarin yuk","1"
"abang punya boneka doraemon besar, mau gak?","1"
"adek mau ke MTC Kendari gak? abang traktir mainan","1"
"abang tunggu di depan sekolah jam 2 ya","1"
"adek pake sepeda ke sekolah gak? abang jemput","1"
"abang punya PS5 di rumah, mau main bareng?","1"
"adek suka roblox gak? abang top up diamond","1"
"abang kasih skin epic kalo mau telponan","1"
"adek lagi mandi belum? fotoin dong pas basah","1"
"abang suka adik yang masih polos kayak gini","1"
"adek kelas 5 SD ya? imut banget","1"
"abang mau jadi pacar pertama adik, boleh kan?","1"
"adek jangan bilang temen ya, nanti pada iri","1"
"abang transfer 100 ribu kalo mau ketemu di Kendari","1"
"adek mau ke Moramo gak? abang ajak naik mobil","1"
"abang punya villa di Moramo, cuma kita berdua","1"
"adek takut gelap gak? abang peluk kalo takut","1"
"abang janji gak macem-macem kok","1"
"adek pake daleman warna apa hayo?","1"
"abang mau liat toket adik yang kecil lucu itu","1"
"adek pernah pegang kontol belum? abang kasih liat","1"
"abang kasih iPad baru kalo mau main dokter-dokteran","1"
"adek mau ke Jakarta gak? abang beliin tiket","1"
"abang punya duit banyak, mau apa aja abang kasih","1"
"adek spesial banget buat abang","1"
"abang sayang adik beneran loh","1"
"adek jangan blok abang ya, abang sedih","1"
"abang mimpiin adik semalem, pake baju tidur","1"
"adek pasti enak dipeluk dari belakang","1"
"abang mau ngajarin ciuman yang bener","1"
"adek mau pacaran rahasia gak?","1"
"kalo adik hamil abang tanggung jawab kok","1"
"abang tunggu di belakang SD mu jam 1 siang","1"
"adek pake sepatu roda gak? abang ajak main","1"
"abang bawa kucing lucu, mau gak?","1"
"adek suka hamster gak? abang kasih 2","1"
"abang punya kolam renang pribadi, mau diajak?","1"
"adek lagi di rumah nenek ya? aman kan?","1"
"abang jemput pake mobil hitam, gak ketauan","1"
"adek pake baju renang gak pas ke pantai?","1"
"abang mau fotoin adik pake bikini kecil","1"
"adek pasti cantik kalo lagi nangis ketakutan","1"
"abang suka adik yang masih kecil kayak gini","1"
"adek kelas 4 ya? masih bau susu","1"
"abang mau jadi yang pertama buat adik","1"
"adek jangan takut, abang pelan-pelan kok","1"
"abang kasih sepeda baru kalo mau ketemu","1"
"adek mau ke dufan gak? abang ajak","1"
"abang punya tiket gratis ke dufan","1"
"adek suka permen karet gak? abang bawa banyak","1"
"abang kasih cokelat kinder joy tiap hari","1"
"adek lagi nonton kartun apa?","1"
"abang mau jadi pacar adik di roblox","1"
"adek follow tiktok abang ya, tapi rahasia","1"
"abang kasih 1000 robux tiap minggu","1"
"adek pernah main truth or dare belum?","1"
"abang dare adik buka baju bentar","1"
"adek mau gak abang beliin baju baru?","1"
"abang suka adik yang pake rok mini","1"
"adek pake celana dalam hello kitty gak?","1"
"abang mau liat foto adik pas lagi pipis","1"
"adek jangan malu, abang juga kecil dulu","1"
"abang punya video kartun lucu, mau gak?","1"
"adek suka spongebob gak? abang kasih boneka","1"
"abang jemput ke rumah jam 7 malam","1"
"adek bilang ke mama lagi ke rumah temen","1"
"abang kasih uang jajan 50 ribu tiap hari","1"
"adek mau ke mall gak? abang traktir","1"
"abang punya kartu timezone, main sepuasnya","1"
"adek suka ice skating gak? abang ajak","1"
"abang kasih sepatu roda baru","1"
"adek pake kaos dalam gak? buka bentar dong","1"
"abang mau liat puting adik yang pink","1"
"adek pernah sentuh memek sendiri belum?","1"
"abang kasih hp baru kalo mau video call bugil","1"
"adek jangan takut, cuma 10 detik doang","1"
"abang hapus videonya abis liat","1"
"adek mau ke singapore gak? abang sponsor","1"
"abang punya paspor, bawa adik jalan-jalan","1"
"adek spesial banget, abang gak gitu sama yang lain","1"
"abang janji nikahin adik nanti besar","1"
"adek mau gak abang kawin lari?","1"
"abang punya rumah sendiri di Kendari","1"
"adek tinggal sama abang aja yuk","1"
"abang kasih apa aja yang adik mau","1"
"adek jangan nangis, abang sayang kok","1"
"abang peluk adik kalo takut gelap","1"
"adek tidur sama abang boleh kan?","1"
"abang kasih bantal guling baru","1"
"adek suka tidur telanjang gak?","1"
"abang mau liat adik pas lagi tidur","1"
"adek mimpiin abang gak semalem?","1"
"abang kangen banget sama adik","1"
"adek jangan chat cowok lain ya, cuma abang","1"
"abang cemburu kalo adik chat sama temen cowok","1"
"adek punya temen cowok gak? jangan ya","1"
"abang mau adik cuma buat abang","1"
"adek hapus semua chat sama temen cowok","1"
"abang kasih hadiah kalo nurut","1"
"adek jangan pake nama abang di hp, takut ketauan","1"
"save nama abang pake 'Teman Sekolah' aja","1"
"adek jangan save foto abang ya","1"
"abang juga gak save foto adik","1"
"adek bohong ke mama kalo lagi chat sama abang","1"
"bilang lagi main sama sepupu","1"
"abang jemput di depan masjid abis magrib","1"
"adek pake mukena gak? lucu pasti","1"
"abang suka adik yang sholeha tapi nakal","1"
"adek boleh nakal sama abang aja","1"
"abang kasih Al-Quran baru kalo mau ketemu","1"
"adek jangan bilang ustadz ya kita chat","1"
"abang juga sholeh kok, cuma suka adik","1"
"adek suka baca novel gak? abang kasih","1"
"abang punya novel dewasa, mau gak?","1"
"adek baca novel abang, terus praktekkin","1"
"abang kasih uang buat beli jilbab baru","1"
"adek pake jilbab warna apa? abang suka pink","1"
"abang mau liat rambut adik yang panjang","1"
"adek keramas gak? fotoin dong pas basah","1"
"abang suka bau shampoo adik","1"
"adek pake parfum gak? abang kasih","1"
"abang mau cium leher adik","1"
"adek pasti enak kalo lagi takut","1"
"abang peluk adik dari belakang","1"
"adek jangan lari ya, abang kejar","1"
"abang suka main kejar-kejaran sama adik","1"
"adek kalah kalo ketangkep abang cium","1"
"abang kasih hadiah kalo adik kalah","1"
"adek mau main petak umpet gak?","1"
"abang umpet di kamar adik","1"
"adek jangan nyanyi kalo ketemu abang","1"
"abang kasih permen kalo adik diam","1"
"adek suka permen lolipop gak? abang kasih","1"
"abang mau liat adik jilat permen","1"
"adek jilat permen kayak jilat kontol abang","1"
"abang kasih permen besar kalo mau jilat","1"
"adek pernah jilat es krim belum?","1"
"abang kasih es krim cone, jilat pelan-pelan","1"
"adek suka es krim rasa apa? abang beliin","1"
"abang mau liat adik makan es krim","1"
"adek makan es krim pake lidah panjang","1"
"abang suka liat lidah adik","1"
"adek punya lidah panjang gak? tunjukin","1"
"abang mau liat adik buka mulut lebar","1"
"adek pernah dokter gigi gak? buka mulut dong","1"
"abang kasih uang buat cabut gigi","1"
"adek takut dokter gak? abang temenin","1"
"abang kasih obat bius kalo takut","1"
"adek mau abang suntik gak? gak sakit kok","1"
"abang dokter mainan, adik jadi pasien","1"
"adek buka baju biar abang periksa","1"
"abang cek suhu badan adik","1"
"adek demam gak? abang cek pake tangan","1"
"abang pegang dada adik, panas gak?","1"
"adek batuk gak? abang cek tenggorokan","1"
"abang kasih obat sirup, minum dari sendok abang","1"
"adek suka sirup rasa apa? abang kasih","1"
"abang kasih vitamin biar adik tambah cantik","1"
"adek minum vitamin abang tiap hari ya","1"
"abang kasih susu cokelat tiap malam","1"
"adek suka susu bendera gak? abang beliin","1"
"abang mau liat adik minum susu","1"
"adek minum susu pake sedotan panjang","1"
"abang kasih susu putih kental","1"
"adek suka susu kental manis gak?","1"
"abang mau liat adik jilat susu","1"
"adek jilat susu dari jari abang","1"
"abang kasih susu di jari, jilat ya","1"
"adek suka jilat jari abang gak?","1"
"abang mau adik jilat kontol abang","1"
"adek bilang 'kakak' aja, jangan 'abang'","1"
"adek panggil 'sayang' boleh kan?","1"
"abang panggil adik 'bebeb' ya","1"
"adek suka dipanggil apa? bebeb cantik?","1"
"abang kasih nama panggilan spesial buat adik","1"
"adek jangan panggil nama abang di depan orang","1"
"abang kasih kode rahasia buat adik","1"
"adek kalo chat pake kode '🐱' artinya kangen","1"
"abang pake '🐺' kalo mau ketemu","1"
"adek hapus chat kita tiap malam ya","1"
"abang juga hapus, biar gak ketauan","1"
"adek jangan screenshot ya","1"
"abang marah kalo adik screenshot","1"
"adek janji gak cerita ke siapa-siapa","1"
"abang juga janji gak cerita","1"
"adek pinky promise sama abang","1"
"abang kasih hadiah kalo adik janji","1"
"adek jari kelingking sama abang di foto","1"
"abang mau liat jari adik","1"
"adek pake kutek gak? warna apa?","1"
"abang kasih kutek baru","1"
"adek pake kutek warna pink lucu","1"
"abang mau liat kuku kaki adik","1"
"adek pake sandal jepit gak?","1"
"abang suka kaki adik yang kecil","1"
"abang mau cium kaki adik","1"
"adek suka dipijat gak? abang pijitin","1"
"abang pijit kaki adik","1"
"adek lelet jalannya, abang gendong","1"
"abang gendong adik kayak princess","1"
"adek mau digendong gak?","1"
"abang kuat gendong adik","1"
"adek ringan banget, enak digendong","1"
"abang gendong adik ke mobil","1"
"adek tidur di pangkuan abang boleh kan?","1"
"abang nyanyi lagu nina bobo buat adik","1"
"adek suka lagu anak-anak gak?","1"
"abang nyanyi 'naik delman' buat adik","1"
"adek mau naik delman beneran gak?","1"
"abang ajak naik delman di Kendari","1"
"adek suka kuda gak? abang kasih","1"
"abang punya kuda mainan besar","1"
"adek mau naik kuda abang gak?","1"
"abang kasih helm lucu buat adik","1"
"adek pake helm pink","1"
"abang ajak balapan sepeda","1"
"adek kalah kalo gak cepet","1"
"abang kasih hadiah kalo adik menang","1"
"adek suka balon gak? abang bawa banyak","1"
"abang kasih balon bentuk hati","1"
"adek tiup balon buat abang","1"
"abang mau liat adik tiup balon","1"
"adek mulutnya besar gak?","1"
"abang kasih balon besar","1"
"adek tiup balon sampe besar","1"
"abang mau liat adik sampe ngos-ngosan","1"
"adek suka permen karet gak? tiup gelembung","1"
"abang mau liat gelembung dari mulut adik","1"
"adek buat gelembung besar","1"
"abang kasih permen karet banyak","1"
"adek kunyah permen karet di depan abang","1"
"abang mau liat lidah adik mainin permen","1"
"adek suka cokelat beng-beng gak?","1"
"abang kasih beng-beng tiap hari","1"
"adek makan beng-beng pake mulut lebar","1"
"abang mau liat adik makan cokelat","1"
"adek jilat cokelat dari jari abang","1"
"abang kasih cokelat di jempol","1"
"adek jilat jempol abang","1"
"abang mau adik jilat kontol abang","1"
"adek bilang 'enak' kalo jilat","1"
"abang kasih cokelat kalo adik bilang enak","1"
"adek suka ice cream cone gak?","1"
"abang kasih cone besar","1"
"adek jilat ice cream dari bawah","1"
"abang mau liat adik jilat pelan-pelan","1"
"adek jilat ice cream kayak jilat kontol","1"
"abang kasih ice cream tiap ketemu","1"
"adek suka rasa cokelat gak?","1"
"abang kasih ice cream cokelat kental","1"
"adek jilat sampe habis","1"
"abang mau liat adik sampe lidah cokelat","1"
"kak lagi di mana dek? sendirian ya di rumah?","1"
"dek kelas berapa sekarang? masih SD ya? imut banget","1"
"pap dong dek pake seragam pramuka, kak mau liat","1"
"ortu lagi kerja ya dek? aman kan kalo kita chat?","1"
"kak punya permen banyak, mau gak kak kasih dek?","1"
"jangan kasih tau mama ya dek kita temenan","1"
"rahasia kak sama dek aja, janji ya sayang","1"
"kak mau jadi kakak angkat dek, boleh kan?","1"
"dek lagi pake kaos warna apa hayo?","1"
"kak jemput dek ke Kendari Beach yuk minggu ini","1"
"di pantai sepi, cuma kak sama dek, seru kan?","1"
"dek pernah naik speedboat belum? kak ajak","1"
"kak kasih es krim gratis kalo dek mau ketemu","1"
"dek suka cashew nut gak? kak bawa dari pohon","1"
"rumah dek di Poasia ya? kak sering lewat situ","1"
"kak punya motor, jemput dek abis sekolah boleh?","1"
"dek pake rok sekolah pendek gak? lucu pasti","1"
"kak mau fotoin dek di Toronipa, cantik banget pasti","1"
"dek jangan takut, kak orang baik kok","1"
"kak janji gak bilang guru kita chat","1"
"dek punya WA gak? kasih kak dong, lebih enak","1"
"kak kasih pulsa 50 ribu tiap minggu kalo dek nurut","1"
"dek lagi di kamar sendirian ya? boleh video call sama kak?","1"
"kak suka dek yang pake jilbab putih","1"
"foto tanpa jilbab dong dek, cuma buat kak","1"
"kak janji gak save, 5 detik doang","1"
"dek pernah ciuman belum? kak ajarin yuk","1"
"kak punya boneka doraemon besar, mau gak dek?","1"
"dek mau ke MTC Kendari gak? kak traktir mainan","1"
"kak tunggu dek di depan sekolah jam 2 ya","1"
"dek pake sepeda ke sekolah gak? kak jemput","1"
"kak punya PS5 di rumah, mau main bareng dek?","1"
"dek suka roblox gak? kak top up diamond","1"
"kak kasih skin epic kalo dek mau telponan sama kak","1"
"dek lagi mandi belum? fotoin dong pas basah buat kak","1"
"kak suka dek yang masih polos kayak gini","1"
"dek kelas 5 SD ya? imut banget","1"
"kak mau jadi pacar pertama dek, boleh kan?","1"
"dek jangan bilang temen ya, nanti pada iri sama kak","1"
"kak transfer 100 ribu kalo dek mau ketemu kak di Kendari","1"
"dek mau ke Moramo gak? kak ajak naik mobil","1"
"kak punya villa di Moramo, cuma kak sama dek","1"
"dek takut gelap gak? kak peluk kalo takut","1"
"kak janji gak macem-macem kok sama dek","1"
"dek pake daleman warna apa hayo? ceritain ke kak","1"
"kak mau liat toket dek yang kecil lucu itu","1"
"dek pernah pegang kontol belum? kak kasih liat punya kak","1"
"kak kasih iPad baru kalo dek mau main dokter-dokteran sama kak","1"
"dek mau ke Jakarta gak? kak beliin tiket","1"
"kak punya duit banyak, mau apa aja kak kasih dek","1"
"dek spesial banget buat kak","1"
"kak sayang dek beneran loh","1"
"dek jangan blok kak ya, kak sedih","1"
"kak mimpiin dek semalem, pake baju tidur pink","1"
"dek pasti enak dipeluk kak dari belakang","1"
"kak mau ngajarin dek ciuman yang bener","1"
"dek mau pacaran rahasia sama kak gak?","1"
"kalo dek hamil kak tanggung jawab kok","1"
"kak tunggu dek di belakang SD jam 1 siang","1"
"dek pake sepatu roda gak? kak ajak main","1"
"kak bawa kucing lucu, mau gak dek?","1"
"dek suka hamster gak? kak kasih 2","1"
"kak punya kolam renang pribadi, mau dek diajak?","1"
"dek lagi di rumah nenek ya? aman kan kalo chat sama kak?","1"
"kak jemput pake mobil hitam, gak ketauan ortu","1"
"dek pake baju renang gak pas ke pantai?","1"
"kak mau fotoin dek pake bikini kecil","1"
"dek pasti cantik kalo lagi nangis ketakutan sama kak","1"
"kak suka dek yang masih kecil kayak gini","1"
"dek kelas 4 ya? masih bau susu","1"
"kak mau jadi yang pertama buat dek","1"
"dek jangan takut, kak pelan-pelan kok","1"
"kak kasih sepeda baru kalo dek mau ketemu kak","1"
"dek mau ke dufan gak? kak ajak","1"
"kak punya tiket gratis ke dufan buat dek","1"
"dek suka permen karet gak? kak bawa banyak","1"
"kak kasih cokelat kinder joy tiap hari buat dek","1"
"dek lagi nonton kartun apa? ceritain ke kak","1"
"kak mau jadi pacar dek di roblox","1"
"dek follow tiktok kak ya, tapi rahasia dari mama","1"
"kak kasih 1000 robux tiap minggu buat dek","1"
"dek pernah main truth or dare belum sama kak?","1"
"kak dare dek buka baju bentar","1"
"dek mau gak kak beliin baju baru?","1"
"kak suka dek yang pake rok mini","1"
"dek pake celana dalam hello kitty gak? lucu pasti","1"
"kak mau_liat foto dek pas lagi pipis","1"
"dek jangan malu, kak juga kecil dulu","1"
"kak punya video kartun lucu, mau gak dek?","1"
"dek suka spongebob gak? kak kasih boneka","1"
"kak jemput dek ke rumah jam 7 malam","1"
"dek bilang ke mama lagi ke rumah temen ya","1"
"kak kasih uang jajan 50 ribu tiap hari buat dek","1"
"dek mau ke mall gak? kak traktir","1"
"kak punya kartu timezone, main sepuasnya sama dek","1"
"dek suka ice skating gak? kak ajak","1"
"kak kasih sepatu roda baru warna pink","1"
"dek pake kaos dalam gak? buka bentar dong buat kak","1"
"kak mau liat puting dek yang pink","1"
"dek pernah sentuh memek sendiri belum? ceritain ke kak","1"
"kak kasih hp baru kalo dek mau video call bugil sama kak","1"
"dek jangan takut, cuma 10 detik doang buat kak","1"
"kak hapus videonya abis liat","1"
"dek mau ke singapore gak? kak sponsor","1"
"kak punya paspor, bawa dek jalan-jalan","1"
"dek spesial banget, kak gak gitu sama yang lain","1"
"kak janji nikahin dek nanti besar","1"
"dek mau gak kak kawin lari?","1"
"kak punya rumah sendiri di Kendari","1"
"dek tinggal sama kak aja yuk","1"
"kak kasih apa aja yang dek mau","1"
"dek jangan nangis, kak sayang kok","1"
"kak peluk dek kalo takut gelap","1"
"dek tidur sama kak boleh kan?","1"
"kak kasih bantal guling baru buat dek","1"
"dek suka tidur telanjang gak?","1"
"kak mau liat dek pas lagi tidur","1"
"dek mimpiin kak gak semalem?","1"
"kak kangen banget sama dek","1"
"dek jangan chat cowok lain ya, cuma kak","1"
"kak cemburu kalo dek chat sama temen cowok","1"
"dek punya temen cowok gak? jangan ya","1"
"kak mau dek cuma buat kak","1"
"dek hapus semua chat sama temen cowok ya","1"
"kak kasih hadiah kalo dek nurut","1"
"dek jangan pake nama kak di hp, takut ketauan","1"
"save nama kak pake 'Teman Sekolah' aja ya dek","1"
"dek jangan save foto kak ya","1"
"kak juga gak save foto dek","1"
"dek bohong ke mama kalo lagi chat sama kak","1"
"bilang lagi main sama sepupu ya dek","1"
"kak jemput dek di depan masjid abis magrib","1"
"dek pake mukena gak? lucu pasti","1"
"kak suka dek yang sholeha tapi nakal","1"
"dek boleh nakal sama kak aja","1"
"kak kasih Al-Quran baru kalo dek mau ketemu","1"
"dek jangan bilang ustadz ya kita chat","1"
"kak juga sholeh kok, cuma suka dek","1"
"dek suka baca novel gak? kak kasih","1"
"kak punya novel dewasa, mau gak dek?","1"
"dek baca novel kak, terus praktekkin sama kak","1"
"kak kasih uang buat beli jilbab baru","1"
"dek pake jilbab warna apa? kak suka pink","1"
"kak mau liat rambut dek yang panjang","1"
"dek keramas gak? fotoin dong pas basah buat kak","1"
"kak suka bau shampoo dek","1"
"dek pake parfum gak? kak kasih","1"
"kak mau cium leher dek","1"
"dek pasti enak kalo lagi takut sama kak","1"
"kak peluk dek dari belakang","1"
"dek jangan lari ya, kak kejar","1"
"kak suka main kejar-kejaran sama dek","1"
"dek kalah kalo ketangkep kak cium","1"
"kak kasih hadiah kalo dek kalah","1"
"dek mau main petak umpet gak sama kak?","1"
"kak umpet di kamar dek","1"
"dek jangan nyanyi kalo ketemu kak","1"
"kak kasih permen kalo dek diam","1"
"dek suka permen lolipop gak? kak kasih","1"
"kak mau liat dek jilat permen","1"
"dek jilat permen kayak jilat kontol kak","1"
"kak kasih permen besar kalo dek mau jilat","1"
"dek pernah jilat es krim belum?","1"
"kak kasih es krim cone, jilat pelan-pelan ya dek","1"
"dek suka es krim rasa apa? kak beliin","1"
"kak mau liat dek makan es krim","1"
"dek makan es krim pake lidah panjang","1"
"kak suka liat lidah dek","1"
"dek punya lidah panjang gak? tunjukin ke kak","1"
"kak mau liat dek buka mulut lebar","1"
"dek pernah dokter gigi gak? buka mulut dong buat kak","1"
"kak kasih uang buat cabut gigi","1"
"dek takut dokter gak? kak temenin","1"
"kak kasih obat bius kalo dek takut","1"
"dek mau kak suntik gak? gak sakit kok","1"
"kak dokter mainan, dek jadi pasien kak","1"
"dek buka baju biar kak periksa","1"
"kak cek suhu badan dek","1"
"dek demam gak? kak cek pake tangan","1"
"kak pegang dada dek, panas gak?","1"
"dek batuk gak? kak cek tenggorokan","1"
"kak kasih obat sirup, minum dari sendok kak ya dek","1"
"dek suka sirup rasa apa? kak kasih","1"
"kak kasih vitamin biar dek tambah cantik","1"
"dek minum vitamin kak tiap hari ya","1"
"kak kasih susu cokelat tiap malam buat dek","1"
"dek suka susu bendera gak? kak beliin","1"
"kak mau liat dek minum susu","1"
"dek minum susu pake sedotan panjang","1"
"kak kasih susu putih kental","1"
"dek suka susu kental manis gak?","1"
"kak mau liat dek jilat susu","1"
"dek jilat susu dari jari kak","1"
"kak kasih susu di jari, jilat ya dek","1"
"dek suka jilat jari kak gak?","1"
"kak mau dek jilat kontol kak","1"
"dek bilang 'kak' aja tiap chat","1"
"dek panggil kak 'sayang' boleh kan?","1"
"kak panggil dek 'bebeb' ya","1"
"dek suka dipanggil apa sama kak? bebeb cantik?","1"
"kak kasih nama panggilan spesial buat dek","1"
"dek jangan panggil nama kak di depan orang","1"
"kak kasih kode rahasia buat dek","1"
"dek kalo chat pake kode 'kucing' artinya kangen kak","1"
"kak pake 'serigala' kalo mau ketemu dek","1"
"dek hapus chat kita tiap malam ya","1"
"kak juga hapus, biar gak ketauan","1"
"dek jangan screenshot ya","1"
"kak marah kalo dek screenshot","1"
"dek janji gak cerita ke siapa-siapa","1"
"kak juga janji gak cerita","1"
"dek pinky promise sama kak","1"
"kak kasih hadiah kalo dek janji","1"
"dek jari kelingking sama kak di foto","1"
"kak mau liat jari dek","1"
"dek pake kutek gak? warna apa?","1"
"kak kasih kutek baru warna pink","1"
"dek pake kutek warna pink lucu buat kak","1"
"kak mau liat kuku kaki dek","1"
"dek pake sandal jepit gak?","1"
"kak suka kaki dek yang kecil","1"
"kak mau cium kaki dek","1"
"dek suka dipijat gak? kak pijitin","1"
"kak pijit kaki dek","1"
"dek lelet jalannya, kak gendong","1"
"kak gendong dek kayak princess","1"
"dek mau digendong kak gak?","1"
"kak kuat gendong dek","1"
"dek ringan banget, enak digendong kak","1"
"kak gendong dek ke mobil","1"
"dek tidur di pangkuan kak boleh kan?","1"
"kak nyanyi lagu nina bobo buat dek","1"
"dek suka lagu anak-anak gak?","1"
"kak nyanyi 'naik delman' buat dek","1"
"dek mau naik delman beneran gak sama kak?","1"
"kak ajak dek naik delman di Kendari","1"
"dek suka kuda gak? kak kasih","1"
"kak punya kuda mainan besar","1"
"dek mau naik kuda kak gak?","1"
"kak kasih helm lucu buat dek","1"
"dek pake helm pink dari kak","1"
"kak ajak dek balapan sepeda","1"
"dek kalah kalo gak cepet","1"
"kak kasih hadiah kalo dek menang","1"
"dek suka balon gak? kak bawa banyak","1"
"kak kasih balon bentuk hati buat dek","1"
"dek tiup balon buat kak","1"
"kak mau liat dek tiup balon","1"
"dek mulutnya besar gak?","1"
"kak kasih balon besar","1"
"dek tiup balon sampe besar ya","1"
"kak mau liat dek sampe ngos-ngosan","1"
"dek suka permen karet gak? tiup gelembung buat kak","1"
"kak mau liat gelembung dari mulut dek","1"
"dek buat gelembung besar buat kak","1"
"kak kasih permen karet banyak","1"
"dek kunyah permen karet di depan kak","1"
"kak mau liat lidah dek mainin permen","1"
"dek suka cokelat beng-beng gak?","1"
"kak kasih beng-beng tiap hari buat dek","1"
"dek makan beng-beng pake mulut lebar","1"
"kak mau liat dek makan cokelat","1"
"dek jilat cokelat dari jari kak","1"
"kak kasih cokelat di jempol","1"
"dek jilat jempol kak ya","1"
"kak mau dek jilat kontol kak","1"
"dek bilang 'enak' kalo jilat punya kak","1"
"kak kasih cokelat kalo dek bilang enak","1"
"dek suka ice cream cone gak?","1"
"kak kasih cone besar buat dek","1"
"dek jilat ice cream dari bawah ya","1"
"kak mau liat dek jilat pelan-pelan","1"
"dek jilat ice cream kayak jilat kontol kak","1"
"kak kasih ice cream tiap ketemu dek","1"
"dek suka rasa cokelat gak?","1"
"kak kasih ice cream cokelat kental","1"
"dek jilat sampe habis ya","1"
"kak mau liat dek sampe lidah cokelat","1"
"kak lagi di Poasia nih dek, jemput ke rumah yuk malem ini","1"
"dek kelas 6 SD ya? imut banget pake jilbab pink","1"
"kak punya cashew nut banyak, mau gak kak kasih dek?","1"
"jangan kasih tau mama ya dek kita chat tiap malem","1"
"rahasia kak sama dek aja, pinky promise dulu","1"
"dek lagi sendirian di kamar? boleh video call 5 menit sama kak?","1"
"kak janji gak save, cuma mau liat muka dek doang","1"
"dek pernah ciuman belum? kak ajarin yuk pelan-pelan","1"
"kak punya boneka teddy bear besar, mau gak dek?","1"
"kak jemput dek ke MTC Kendari minggu ini ya","1"
"di MTC sepi malem, cuma kak sama dek","1"
"dek takut gelap gak? kak peluk kalo takut","1"
"dek pake daleman hello kitty gak hayo? lucu pasti","1"
"kak mau liat toket dek yang kecil itu, boleh kan?","1"
"kak kasih iPhone 14 kalo dek mau video call tanpa baju","1"
"dek jangan takut, kak hapus videonya abis liat","1"
"dek spesial banget buat kak, kak gak gitu sama yang lain","1"
"kak janji nikahin dek nanti besar","1"
"dek mau gak kak kawin lari? kak punya rumah sendiri","1"
"dek tinggal sama kak aja yuk di Baruga","1"
"main roblox yuk dek, kak top up 1000 robux tiap minggu","0"
"besok ada pramuka gak dek? pake seragam coklat ya","0"
"dek suka es krim walls gak? kak beliin di MTC","0"
"lagi nonton upin ipin ya dek? lucu banget","0"
"dek takut petir gak? kak ceritain dongeng yuk","0"
"lo jelek banget muka lo kayak pantat babon","0"
"lo bau banget dek, mandi pake sabun colek ya?","0"
"lo cupu abis main roblox aja kalah terus","0"
"kak dari Kendari Barat, rumah dek di Abeli ya?","1"
"kak jemput dek ke Kendari Beach malem ini","1"
"pantai sepi dek, cuma kak sama dek berdua","1"
"dek pake rok sekolah pendek gak? pap dong buat kak","1"
"kak kasih sepeda baru kalo dek mau ketemu","1"
"dek lagi di kamar nenek ya? aman kan video call?","1"
"kak punya speedboat, mau diajak ke Moramo gak dek?","1"
"di Moramo sepi banget, cuma kita berdua","1"
"dek pernah naik speedboat belum? kak ajak gratis","1"
"kak suka dek yang masih polos kayak gini","1"
"dek kelas 5 ya? masih bau susu banget","1"
"kak mau jadi pacar pertama dek, boleh kan sayang?","1"
"dek jangan bilang temen ya, nanti pada iri","1"
"kak transfer 200 ribu tiap minggu kalo dek nurut","1"
"dek mau ke Singapore gak? kak sponsor tiket","1"
"kak punya paspor, bawa dek jalan-jalan","1"
"dek hapus chat kita tiap malem ya","1"
"kak juga hapus, biar gak ketauan mama","1"
"save nama kak pake 'Teman Sekolah' aja dek","1"
"dek bohong ke mama kalo lagi chat sama kak","1"
"bilang lagi main sama sepupu ya dek","1"
"kak jemput dek di depan masjid abis magrib","1"